stack,trend_lift,weighted_score,epoch3_count,baseline_count,epoch3_share,baseline_share
FORCED_PROXIMITY + SMALL_TOWN,999.99,3891.78,48,5,4.3243,0.0027
CONTEMPORARY_ROMANCE + HE_FALLS_FIRST,999.99,3218.84,24,2,2.1622,0.0011
FAKE_DATING + FORCED_PROXIMITY,999.99,2995.7,19,0,1.7117,0.0
FOUND_FAMILY + HE_FALLS_FIRST,999.99,2944.41,18,1,1.6216,0.0005
FORCED_PROXIMITY + HE_FALLS_FIRST,999.99,2890.34,17,0,1.5315,0.0
HE_FALLS_FIRST + SPORTS_GENERAL,999.99,2833.19,16,0,1.4414,0.0
HE_FALLS_FIRST + SMALL_TOWN,999.99,2772.56,15,0,1.3514,0.0
CONTEMPORARY_ROMANCE + GRUMPY_SUNSHINE,999.99,2772.56,15,0,1.3514,0.0
FORCED_PROXIMITY + GRUMPY_SUNSHINE,999.99,2708.02,14,0,1.2613,0.0
FRIENDS_TO_LOVERS + HE_FALLS_FIRST,999.99,2708.02,14,1,1.2613,0.0005
COWBOY_WESTERN + FORCED_PROXIMITY,999.99,2639.03,13,0,1.1712,0.0
FORCED_PROXIMITY + MARRIAGE_OF_CONVENIENCE,999.99,2564.92,12,1,1.0811,0.0005
FORCED_PROXIMITY + SEASONAL_SUMMER_BEACH,999.99,2564.92,12,1,1.0811,0.0005
FORCED_PROXIMITY + WORKPLACE,737.19,2456.45,27,6,2.4324,0.0033
GRUMPY_SUNSHINE + SMALL_TOWN,999.99,2302.56,9,0,0.8108,0.0
ENEMIES_TO_LOVERS + HE_FALLS_FIRST,999.99,2197.2,8,0,0.7207,0.0
HE_FALLS_FIRST + SPORTS_HOCKEY,999.99,2197.2,8,0,0.7207,0.0
HE_FALLS_FIRST + SECOND_CHANCE,999.99,2079.42,7,0,0.6306,0.0
ACCIDENTAL_PREGNANCY + CONTEMPORARY_ROMANCE,999.99,1945.89,6,0,0.5405,0.0
HE_FALLS_FIRST + SLOW_BURN,999.99,1945.89,6,0,0.5405,0.0
HE_FALLS_FIRST + HIGH_STEAM,982.91,1912.66,6,1,0.5405,0.0005
HE_FALLS_FIRST + WORKPLACE,999.99,1791.74,5,0,0.4505,0.0
GRUMPY_SUNSHINE + HIGH_STEAM,999.99,1791.74,5,0,0.4505,0.0
GRUMPY_SUNSHINE + ROM_COM,999.99,1791.74,5,0,0.4505,0.0
BILLIONAIRE + HE_FALLS_FIRST,999.99,1791.74,5,0,0.4505,0.0
COWBOY_WESTERN + HE_FALLS_FIRST,999.99,1791.74,5,0,0.4505,0.0
FAKE_DATING + SPORTS_HOCKEY,999.99,1791.74,5,0,0.4505,0.0
HE_FALLS_FIRST + SPORTS_BASEBALL,999.99,1609.42,4,0,0.3604,0.0
FOUND_FAMILY + GRUMPY_SUNSHINE,999.99,1609.42,4,0,0.3604,0.0
HE_FALLS_FIRST + MARRIAGE_OF_CONVENIENCE,999.99,1609.42,4,0,0.3604,0.0
FAE_ELVES + FORCED_PROXIMITY,999.99,1609.42,4,0,0.3604,0.0
COWBOY_WESTERN + GRUMPY_SUNSHINE,999.99,1609.42,4,0,0.3604,0.0
ENEMIES_TO_LOVERS + GRUMPY_SUNSHINE,999.99,1609.42,4,0,0.3604,0.0
BROTHERS_BEST_FRIEND + FORCED_PROXIMITY,999.99,1609.42,4,0,0.3604,0.0
ACCIDENTAL_PREGNANCY + SMALL_TOWN,999.99,1609.42,4,0,0.3604,0.0
FORCED_PROXIMITY + MAFIA_CARTEL_CRIME,819.09,1467.62,5,1,0.4505,0.0005
HE_FALLS_FIRST + ROM_COM,999.99,1386.28,3,0,0.2703,0.0
GRUMPY_SUNSHINE + MARRIAGE_OF_CONVENIENCE,999.99,1386.28,3,0,0.2703,0.0
GRUMPY_SUNSHINE + WORKPLACE,999.99,1386.28,3,0,0.2703,0.0
FRIENDS_TO_LOVERS + GRUMPY_SUNSHINE,999.99,1386.28,3,0,0.2703,0.0
FAKE_DATING + PARANORMAL_ROMANCE,999.99,1386.28,3,0,0.2703,0.0
FAKE_DATING + FANTASY_ROMANCE,999.99,1386.28,3,0,0.2703,0.0
FAIRY_TALE_RETELLING + FAKE_DATING,999.99,1386.28,3,0,0.2703,0.0
ACCIDENTAL_PREGNANCY + SPORTS_GENERAL,999.99,1386.28,3,0,0.2703,0.0
ACCIDENTAL_PREGNANCY + FORCED_PROXIMITY,999.99,1386.28,3,0,0.2703,0.0
ACCIDENTAL_PREGNANCY + FRIENDS_TO_LOVERS,999.99,1386.28,3,0,0.2703,0.0
GRUMPY_SUNSHINE + SLOW_BURN,999.99,1386.28,3,0,0.2703,0.0
DRAGONS + FORCED_PROXIMITY,999.99,1386.28,3,0,0.2703,0.0
FORCED_PROXIMITY + SPORTS_HOCKEY,546.06,1309.4,10,3,0.9009,0.0016
FORCED_PROXIMITY + SECOND_CHANCE,340.24,1133.75,27,13,2.4324,0.0071
FORCED_PROXIMITY + WITCHES_MAGIC,491.46,1131.62,9,3,0.8108,0.0016
CLEAN_SWEET + REP_FF,655.28,1054.63,4,1,0.3604,0.0005
FORCED_PROXIMITY + HOLIDAY,409.55,982.05,10,4,0.9009,0.0022
DARK_ROMANCE + FORCED_PROXIMITY,282.96,847.67,19,11,1.7117,0.006
ENEMIES_TO_LOVERS + FORCED_PROXIMITY,197.25,807.61,59,49,5.3153,0.0269
FANTASY_ROMANCE + FORCED_PROXIMITY,278.49,804.95,17,10,1.5315,0.0055
FAKE_DATING + SEASONAL_SUMMER_BEACH,382.24,794.85,7,3,0.6306,0.0016
FORCED_PROXIMITY + SLOW_BURN,229.35,772.28,28,20,2.5225,0.011
FIREFIGHTER_FIRST_RESPONDER + FORCED_PROXIMITY,409.55,733.81,5,2,0.4505,0.0011
FORCED_PROXIMITY + PARANORMAL_ROMANCE,253.17,731.77,17,11,1.5315,0.006
FORCED_PROXIMITY + ROAD_TRIP,491.46,681.3,3,1,0.2703,0.0005
FAKE_DATING + SMALL_TOWN,245.73,565.81,9,6,0.8108,0.0033
COWBOY_WESTERN + WORKPLACE,327.64,527.31,4,2,0.3604,0.0011
FORCED_PROXIMITY + FOUND_FAMILY,138.89,512.35,39,46,3.5135,0.0253
CONTEMPORARY_ROMANCE + FORCED_PROXIMITY,104.68,511.15,131,205,11.8018,0.1127
CLEAN_SWEET + ENEMIES_TO_LOVERS,245.73,478.17,6,4,0.5405,0.0022
FAKE_DATING + SPORTS_GENERAL,163.82,464.13,16,16,1.4414,0.0088
FORCED_PROXIMITY + SPORTS_GENERAL,126.96,440.01,31,40,2.7928,0.022
CONTEMPORARY_ROMANCE + FAKE_DATING,105.17,417.55,52,81,4.6847,0.0445
FORCED_PROXIMITY + SPORTS_BASEBALL,191.12,397.43,7,6,0.6306,0.0033
CLEAN_SWEET + REP_QUEER_GENERAL,163.82,392.82,10,10,0.9009,0.0055
MARRIAGE_OF_CONVENIENCE + SPORTS_HOCKEY,204.77,366.91,5,4,0.4505,0.0022
BILLIONAIRE + FORCED_PROXIMITY,133.1,351.27,13,16,1.1712,0.0088
FAIRY_TALE_RETELLING + FORCED_PROXIMITY,245.73,340.65,3,2,0.2703,0.0011
HE_FALLS_FIRST + MYSTERY_THRILLER_SUSPENSE,245.73,340.65,3,2,0.2703,0.0011
FAKE_DATING + NEURODIVERGENT_DISABILITY,245.73,340.65,3,2,0.2703,0.0011
ENEMIES_TO_LOVERS + FAKE_DATING,131.06,336.15,12,15,1.0811,0.0082
FORCED_PROXIMITY + MYSTERY_THRILLER_SUSPENSE,104.25,322.24,21,33,1.8919,0.0181
FAKE_DATING + ROM_COM,107.33,321.53,19,29,1.7117,0.0159
FAKE_DATING + SECOND_CHANCE,163.82,318.78,6,6,0.5405,0.0033
FAKE_DATING + FRIENDS_TO_LOVERS,104.84,297.05,16,25,1.4414,0.0137
FORCED_PROXIMITY + ROM_COM,77.71,282.67,37,78,3.3333,0.0429
FAKE_DATING + MARRIAGE_OF_CONVENIENCE,140.42,273.24,6,7,0.5405,0.0038
FORCED_PROXIMITY + HISTORICAL_ROMANCE,127.41,264.95,7,9,0.6306,0.0049
CLEAN_SWEET + DRAGONS,163.82,263.66,4,4,0.3604,0.0022
CLEAN_SWEET + INSPIRATIONAL_CHRISTIAN,84.94,230.03,14,27,1.2613,0.0148
FAKE_DATING + HOLIDAY,163.82,227.1,3,3,0.2703,0.0016
CLEAN_SWEET + SECOND_CHANCE,131.06,210.93,4,5,0.3604,0.0027
CLEAN_SWEET + FANTASY_ROMANCE,57.11,209.23,38,109,3.4234,0.0599
CLEAN_SWEET + HISTORICAL_ROMANCE,72.27,200.38,15,34,1.3514,0.0187
COWBOY_WESTERN + ENEMIES_TO_LOVERS,72.81,186.75,12,27,1.0811,0.0148
OMEGAVERSE + REVERSE_HAREM_POLY,102.39,183.45,5,8,0.4505,0.0044
CELEBRITY + FORCED_PROXIMITY,109.21,175.77,4,6,0.3604,0.0033
FORCED_PROXIMITY + SPORTS_FOOTBALL,109.21,175.77,4,6,0.3604,0.0033
FORCED_PROXIMITY + REVERSE_HAREM_POLY,109.21,175.77,4,6,0.3604,0.0033
DARK_ROMANCE + OMEGAVERSE,109.21,175.77,4,6,0.3604,0.0033
SEASONAL_SUMMER_BEACH + SLOW_BURN,122.86,170.33,3,4,0.2703,0.0022
FAIRY_TALE_RETELLING + REP_FF,91.01,163.07,5,9,0.4505,0.0049
FORCED_PROXIMITY + FRIENDS_TO_LOVERS,39.96,148.38,40,164,3.6036,0.0902
CLEAN_SWEET + WITCHES_MAGIC,45.51,138.54,20,72,1.8018,0.0396
FORCED_PROXIMITY + SCI_FI_ROMANCE,98.29,136.26,3,5,0.2703,0.0027
FAKE_DATING + WORKPLACE,81.91,131.83,4,8,0.3604,0.0044
CLEAN_SWEET + FRIENDS_TO_LOVERS,81.91,131.83,4,8,0.3604,0.0044
CLEAN_SWEET + PARANORMAL_ROMANCE,38.87,130.89,28,118,2.5225,0.0649
COWBOY_WESTERN + FORBIDDEN_TABOO,72.81,117.18,4,9,0.3604,0.0049
DRAGONS + ENEMIES_TO_LOVERS,32.76,106.75,25,125,2.2523,0.0687
FORBIDDEN_TABOO + FORCED_PROXIMITY,59.57,95.88,4,11,0.3604,0.006
FAKE_DATING + REP_QUEER_GENERAL,54.61,87.89,4,12,0.3604,0.0066
BILLIONAIRE + FAKE_DATING,54.61,87.89,4,12,0.3604,0.0066
SLOW_BURN + WITCHES_MAGIC,28.56,85.54,19,109,1.7117,0.0599
FORCED_PROXIMITY + NEURODIVERGENT_DISABILITY,61.43,85.16,3,8,0.2703,0.0044
FAIRY_TALE_RETELLING + REP_QUEER_GENERAL,35.1,80.83,9,42,0.8108,0.0231
CLEAN_SWEET + FAE_ELVES,54.61,75.7,3,9,0.2703,0.0049
PARANORMAL_ROMANCE + SLOW_BURN,21.07,73.03,31,241,2.7928,0.1325
ENEMIES_TO_LOVERS + FAE_ELVES,20.85,70.21,28,220,2.5225,0.121
FORCED_PROXIMITY + HIGH_STEAM,21.98,68.9,22,164,1.982,0.0902
REP_FF + WITCHES_MAGIC,28.91,66.57,9,51,0.8108,0.028
REP_FF + YOUNG_ADULT,19.86,63.92,24,198,2.1622,0.1089
DRAGONS + SLOW_BURN,38.55,62.04,4,17,0.3604,0.0093
ENEMIES_TO_LOVERS + SPORTS_BASEBALL,34.13,61.15,5,24,0.4505,0.0132
FANTASY_ROMANCE + REP_FF,17.64,59.41,28,260,2.5225,0.143
ENEMIES_TO_LOVERS + WITCHES_MAGIC,13.99,59.25,68,796,6.1261,0.4377
FANTASY_ROMANCE + SLOW_BURN,16.33,56.59,31,311,2.7928,0.171
FRIENDS_TO_LOVERS + SEASONAL_SUMMER_BEACH,20.31,56.31,15,121,1.3514,0.0665
ENEMIES_TO_LOVERS + PARANORMAL_ROMANCE,11.53,53.68,104,1477,9.3694,0.8123
REP_FF + SEASONAL_SUMMER_BEACH,32.76,52.73,4,20,0.3604,0.011
FAKE_DATING + FOUND_FAMILY,28.24,50.61,5,29,0.4505,0.0159
CLEAN_SWEET + YOUNG_ADULT,31.2,50.22,4,21,0.3604,0.0115
ENEMIES_TO_LOVERS + FANTASY_ROMANCE,10.67,50.06,108,1658,9.7297,0.9118
REP_QUEER_GENERAL + SEASONAL_SUMMER_BEACH,25.2,49.04,6,39,0.5405,0.0214
NEURODIVERGENT_DISABILITY + REP_CULTURAL_IDENTITY,35.1,48.66,3,14,0.2703,0.0077
COWBOY_WESTERN + SMALL_TOWN,14.89,48.52,25,275,2.2523,0.1512
FAE_ELVES + SLOW_BURN,29.79,47.94,4,22,0.3604,0.0121
FAKE_DATING + HIGH_STEAM,27.3,43.94,4,24,0.3604,0.0132
SMALL_TOWN + WORKPLACE,17.81,42.7,10,92,0.9009,0.0506
ENEMIES_TO_LOVERS + SLOW_BURN,12.03,40.91,29,395,2.6126,0.2172
FANTASY_ROMANCE + OMEGAVERSE,22.14,39.67,5,37,0.4505,0.0203
ENEMIES_TO_LOVERS + SPORTS_HOCKEY,17.14,39.48,9,86,0.8108,0.0473
SLOW_BURN + SMALL_TOWN,14.89,39.3,13,143,1.1712,0.0786
ENEMIES_TO_LOVERS + SMALL_TOWN,11.47,38.61,28,400,2.5225,0.22
SPORTS_HOCKEY + WORKPLACE,27.3,37.85,3,18,0.2703,0.0099
MARRIAGE_OF_CONVENIENCE + SPORTS_GENERAL,18.2,37.85,7,63,0.6306,0.0346
HISTORICAL_ROMANCE + SEASONAL_SUMMER_BEACH,20.48,36.69,5,40,0.4505,0.022
HOLIDAY + REP_CULTURAL_IDENTITY,25.87,35.86,3,19,0.2703,0.0104
COWBOY_WESTERN + FRIENDS_TO_LOVERS,15.98,35.12,8,82,0.7207,0.0451
DARK_ROMANCE + FAE_ELVES,13.46,34.54,12,146,1.0811,0.0803
ACADEMIA_SCHOOL + FANTASY_ROMANCE,9.76,34.41,33,554,2.973,0.3047
DRAGONS + FAIRY_TALE_RETELLING,24.57,34.07,3,20,0.2703,0.011
FAKE_DATING + YOUNG_ADULT,21.14,34.02,4,31,0.3604,0.017
HISTORICAL_ROMANCE + REP_FF,13.77,33.01,10,119,0.9009,0.0654
DARK_TRAUMA + OMEGAVERSE,23.4,32.44,3,21,0.2703,0.0115
SLOW_BURN + WORKPLACE,14.73,32.35,8,89,0.7207,0.0489
PARANORMAL_ROMANCE + REP_FF,11.7,31.69,14,196,1.2613,0.1078
ACADEMIA_SCHOOL + WITCHES_MAGIC,10.55,30.49,17,264,1.5315,0.1452
HORROR + REP_FF,21.37,29.62,3,23,0.2703,0.0126
CLEAN_SWEET + CONTEMPORARY_ROMANCE,9.83,28.94,18,300,1.6216,0.165
ACADEMIA_SCHOOL + PARANORMAL_ROMANCE,8.31,28.25,29,572,2.6126,0.3146
ACADEMIA_SCHOOL + DRAGONS,19.66,27.25,3,25,0.2703,0.0137
DARK_ROMANCE + DRAGONS,11.7,26.94,9,126,0.8108,0.0693
REP_FF + REP_QUEER_GENERAL,6.52,26.92,61,1532,5.4955,0.8425
OMEGAVERSE + PARANORMAL_ROMANCE,14.63,26.21,5,56,0.4505,0.0308
DARK_ROMANCE + ENEMIES_TO_LOVERS,6.76,26.17,47,1139,4.2342,0.6264
ACADEMIA_SCHOOL + FAE_ELVES,14.37,25.75,5,57,0.4505,0.0313
CLEAN_SWEET + SMALL_TOWN,14.37,25.75,5,57,0.4505,0.0313
SEASONAL_SUMMER_BEACH + SECOND_CHANCE,13.11,25.5,6,75,0.5405,0.0412
COWBOY_WESTERN + SECOND_CHANCE,12.6,24.52,6,78,0.5405,0.0429
FORBIDDEN_TABOO + SMALL_TOWN,17.55,24.33,3,28,0.2703,0.0154
OMEGAVERSE + SHIFTER_WEREWOLF,14.56,23.44,4,45,0.3604,0.0247
SPORTS_GENERAL + SPORTS_HOCKEY,6.37,23.18,37,951,3.3333,0.523
BILLIONAIRE + SLOW_BURN,11.84,23.04,6,83,0.5405,0.0456
REP_FF + SPORTS_GENERAL,12.6,22.58,5,65,0.4505,0.0357
FAIRY_TALE_RETELLING + FANTASY_ROMANCE,6.66,21.93,26,640,2.3423,0.352
FAIRY_TALE_RETELLING + PARANORMAL_ROMANCE,7.31,21.13,17,381,1.5315,0.2095
DARK_ROMANCE + FAIRY_TALE_RETELLING,10.15,21.1,7,113,0.6306,0.0621
ENEMIES_TO_LOVERS + SEASONAL_SUMMER_BEACH,13.11,21.09,4,50,0.3604,0.0275
CLEAN_SWEET + HOLIDAY,12.85,20.68,4,51,0.3604,0.028
CONTEMPORARY_ROMANCE + SEASONAL_SUMMER_BEACH,5.26,20.47,48,1495,4.3243,0.8222
DRAGONS + FAE_ELVES,6.6,20.41,21,521,1.8919,0.2865
DARK_ROMANCE + SLOW_BURN,7.63,20.14,13,279,1.1712,0.1534
DEMONS_ANGELS + FAIRY_TALE_RETELLING,9.16,20.14,8,143,0.7207,0.0786
FRIENDS_TO_LOVERS + SPORTS_BASEBALL,9.32,19.39,7,123,0.6306,0.0676
SMALL_TOWN + SPORTS_BASEBALL,13.65,18.93,3,36,0.2703,0.0198
FAE_ELVES + FAIRY_TALE_RETELLING,11.7,18.83,4,56,0.3604,0.0308
FORCED_PROXIMITY + REP_QUEER_GENERAL,11.7,18.83,4,56,0.3604,0.0308
HOLIDAY + REP_FF,12.93,17.93,3,38,0.2703,0.0209
DARK_ROMANCE + FANTASY_ROMANCE,4.12,17.72,73,2905,6.5766,1.5976
DRAGONS + FANTASY_ROMANCE,4.42,17.53,52,1929,4.6847,1.0608
CLEAN_SWEET + ROM_COM,7.48,17.23,9,197,0.8108,0.1083
ENEMIES_TO_LOVERS + HOLIDAY,7.8,17.14,8,168,0.7207,0.0924
CONTEMPORARY_ROMANCE + COWBOY_WESTERN,5.25,17.11,25,780,2.2523,0.429
FAE_ELVES + MONSTER_ALIEN,10.57,17.01,4,62,0.3604,0.0341
BROTHERS_BEST_FRIEND + ENEMIES_TO_LOVERS,11.99,16.62,3,41,0.2703,0.0225
CONTEMPORARY_ROMANCE + SLOW_BURN,4.59,16.56,36,1286,3.2432,0.7072
FANTASY_ROMANCE + REP_QUEER_GENERAL,3.76,16.54,80,3482,7.2072,1.9149
DARK_ROMANCE + PARANORMAL_ROMANCE,3.89,16.48,68,2862,6.1261,1.5739
DRAGONS + PARANORMAL_ROMANCE,4.12,16.18,50,1990,4.5045,1.0944
FANTASY_ROMANCE + WITCHES_MAGIC,2.92,15.81,223,12505,20.0901,6.877
FRIENDS_TO_LOVERS + SMALL_TOWN,4.42,15.72,34,1260,3.0631,0.6929
MARRIAGE_OF_CONVENIENCE + SLOW_BURN,9.5,15.28,4,69,0.3604,0.0379
REP_QUEER_GENERAL + YOUNG_ADULT,3.93,15.12,46,1919,4.1441,1.0553
HOLIDAY + WITCHES_MAGIC,5.66,14.95,13,376,1.1712,0.2068
FANTASY_ROMANCE + PARANORMAL_ROMANCE,2.42,14.5,402,27247,36.2162,14.9841
DARK_TRAUMA + FORCED_PROXIMITY,10.46,14.5,3,47,0.2703,0.0258
CONTEMPORARY_ROMANCE + ENEMIES_TO_LOVERS,3.14,14.14,89,4641,8.018,2.5523
ENEMIES_TO_LOVERS + SPORTS_GENERAL,4.71,14.11,19,661,1.7117,0.3635
SPORTS_GENERAL + WORKPLACE,6.97,13.56,6,141,0.5405,0.0775
SMALL_TOWN + SPORTS_GENERAL,4.96,13.1,13,429,1.1712,0.2359
CONTEMPORARY_ROMANCE + SPORTS_HOCKEY,4.17,13.08,22,864,1.982,0.4751
FAE_ELVES + FANTASY_ROMANCE,3.27,13.04,53,2656,4.7748,1.4606
SECOND_CHANCE + SPORTS_HOCKEY,6.27,13.03,7,183,0.6306,0.1006
ENEMIES_TO_LOVERS + WORKPLACE,4.84,12.77,13,440,1.1712,0.242
PARANORMAL_ROMANCE + WITCHES_MAGIC,2.42,12.67,188,12744,16.9369,7.0084
FORCED_PROXIMITY + REP_MM,9.1,12.62,3,54,0.2703,0.0297
REP_CULTURAL_IDENTITY + REP_QUEER_GENERAL,7.71,12.41,4,85,0.3604,0.0467
ENEMIES_TO_LOVERS + NERD_GEEK,8.94,12.39,3,55,0.2703,0.0302
FAE_ELVES + PARANORMAL_ROMANCE,3.08,12.16,51,2715,4.5946,1.4931
SCI_FI_ROMANCE + SLOW_BURN,7.45,11.98,4,88,0.3604,0.0484
FANTASY_ROMANCE + YOUNG_ADULT,2.62,11.86,92,5759,8.2883,3.1671
SECOND_CHANCE + SPORTS_BASEBALL,7.36,11.85,4,89,0.3604,0.0489
FOUND_FAMILY + SLOW_BURN,4.25,11.79,15,578,1.3514,0.3179
ROM_COM + SEASONAL_SUMMER_BEACH,4.89,11.73,10,335,0.9009,0.1842
FRIENDS_TO_LOVERS + SLOW_BURN,3.75,11.58,21,918,1.8919,0.5048
DARK_ROMANCE + WITCHES_MAGIC,3.53,11.51,25,1159,2.2523,0.6374
ENEMIES_TO_LOVERS + REVERSE_HAREM_POLY,5.51,11.46,7,208,0.6306,0.1144
SMALL_TOWN + SPORTS_HOCKEY,8.19,11.36,3,60,0.2703,0.033
DRAGONS + WITCHES_MAGIC,3.33,11.32,29,1428,2.6126,0.7853
SPORTS_BASEBALL + SPORTS_GENERAL,4.29,11.31,13,497,1.1712,0.2733
ACADEMIA_SCHOOL + ENEMIES_TO_LOVERS,3.97,11.25,16,660,1.4414,0.363
PARANORMAL_ROMANCE + YOUNG_ADULT,2.51,10.92,76,4952,6.8468,2.7233
COWBOY_WESTERN + FOUND_FAMILY,4.54,10.88,10,361,0.9009,0.1985
MARRIAGE_OF_CONVENIENCE + SMALL_TOWN,6.07,10.87,5,135,0.4505,0.0742
DRAGONS + REP_QUEER_GENERAL,5.55,10.81,6,177,0.5405,0.0973
REP_QUEER_GENERAL + WITCHES_MAGIC,3.36,10.68,23,1121,2.0721,0.6165
FRIENDS_TO_LOVERS + WORKPLACE,4.03,10.62,13,529,1.1712,0.2909
FRIENDS_TO_LOVERS + SPORTS_HOCKEY,4.82,10.59,8,272,0.7207,0.1496
ENEMIES_TO_LOVERS + ROAD_TRIP,7.56,10.48,3,65,0.2703,0.0357
CONTEMPORARY_ROMANCE + SMALL_TOWN,2.28,10.35,92,6599,8.2883,3.629
DARK_ROMANCE + REP_FF,7.45,10.32,3,66,0.2703,0.0363
FOUND_FAMILY + SPORTS_HOCKEY,4.88,10.15,7,235,0.6306,0.1292
NEURODIVERGENT_DISABILITY + YOUNG_ADULT,3.84,10.14,13,554,1.1712,0.3047
FIREFIGHTER_FIRST_RESPONDER + SMALL_TOWN,6.24,10.04,4,105,0.3604,0.0577
PARANORMAL_ROMANCE + REP_QUEER_GENERAL,2.54,9.99,50,3225,4.5045,1.7735
WITCHES_MAGIC + YOUNG_ADULT,2.66,9.95,41,2524,3.6937,1.388
ENEMIES_TO_LOVERS + SECOND_CHANCE,3.31,9.92,19,940,1.7117,0.5169
FIREFIGHTER_FIRST_RESPONDER + SECOND_CHANCE,5.96,9.59,4,110,0.3604,0.0605
HOLIDAY + PARANORMAL_ROMANCE,3.17,9.5,19,981,1.7117,0.5395
ENEMIES_TO_LOVERS + ROM_COM,2.72,9.5,32,1929,2.8829,1.0608
ENEMIES_TO_LOVERS + YOUNG_ADULT,3.01,9.45,22,1196,1.982,0.6577
SECOND_CHANCE + SMALL_TOWN,3.01,9.45,22,1196,1.982,0.6577
FAIRY_TALE_RETELLING + WITCHES_MAGIC,4.19,9.2,8,313,0.7207,0.1721
ACADEMIA_SCHOOL + FORCED_PROXIMITY,5.6,9.01,4,117,0.3604,0.0643
SHIFTER_WEREWOLF + SLOW_BURN,6.47,8.96,3,76,0.2703,0.0418
FANTASY_ROMANCE + HOLIDAY,3.08,8.91,17,903,1.5315,0.4966
FRIENDS_TO_LOVERS + SPORTS_GENERAL,2.52,8.8,32,2082,2.8829,1.145
CONTEMPORARY_ROMANCE + WORKPLACE,2.38,8.79,39,2682,3.5135,1.4749
HISTORICAL_ROMANCE + SLOW_BURN,4.33,8.43,6,227,0.5405,0.1248
REP_FF + SCI_FI_ROMANCE,5.2,8.37,4,126,0.3604,0.0693
FAE_ELVES + WITCHES_MAGIC,2.35,8.28,33,2301,2.973,1.2654
CONTEMPORARY_ROMANCE + SPORTS_SOCCER,5.12,8.24,4,128,0.3604,0.0704
FANTASY_ROMANCE + HISTORICAL_ROMANCE,1.97,8.05,58,4811,5.2252,2.6457
HORROR + REP_QUEER_GENERAL,3.64,8.0,8,360,0.7207,0.198
SPORTS_GENERAL + SPORTS_SOCCER,4.93,7.93,4,133,0.3604,0.0731
SLOW_BURN + SPORTS_GENERAL,4.4,7.89,5,186,0.4505,0.1023
DEMONS_ANGELS + ENEMIES_TO_LOVERS,3.42,7.88,9,431,0.8108,0.237
HISTORICAL_ROMANCE + REP_QUEER_GENERAL,2.51,7.66,20,1303,1.8018,0.7166
FORCED_PROXIMITY + YOUNG_ADULT,5.52,7.66,3,89,0.2703,0.0489
HOLIDAY + WORKPLACE,5.52,7.66,3,89,0.2703,0.0489
CONTEMPORARY_ROMANCE + SPORTS_GENERAL,1.78,7.5,67,6175,6.036,3.3959
FAIRY_TALE_RETELLING + HISTORICAL_ROMANCE,2.99,7.43,11,603,0.991,0.3316
FIREFIGHTER_FIRST_RESPONDER + FRIENDS_TO_LOVERS,4.14,7.41,5,198,0.4505,0.1089
FOUND_FAMILY + SMALL_TOWN,1.94,7.3,42,3547,3.7838,1.9506
SECOND_CHANCE + SLOW_BURN,4.02,7.19,5,204,0.4505,0.1122
ENEMIES_TO_LOVERS + SCI_FI_ROMANCE,2.8,7.18,12,702,1.0811,0.3861
FOUND_FAMILY + SPORTS_BASEBALL,4.4,7.08,4,149,0.3604,0.0819
MUSICIANS + NEURODIVERGENT_DISABILITY,3.9,6.99,5,210,0.4505,0.1155
CONTEMPORARY_ROMANCE + REP_CULTURAL_IDENTITY,3.1,6.81,8,423,0.7207,0.2326
SECOND_CHANCE + SPORTS_GENERAL,2.4,6.49,14,957,1.2613,0.5263
SMALL_TOWN + SPORTS_FOOTBALL,4.64,6.43,3,106,0.2703,0.0583
ACADEMIA_SCHOOL + SPORTS_HOCKEY,3.55,6.35,5,231,0.4505,0.127
ROM_COM + SMALL_TOWN,2.04,6.31,21,1684,1.8919,0.9261
DARK_ROMANCE + MARRIAGE_OF_CONVENIENCE,4.43,6.14,3,111,0.2703,0.061
DARK_ROMANCE + REVERSE_HAREM_POLY,2.21,6.12,15,1114,1.3514,0.6126
CONTEMPORARY_ROMANCE + FRIENDS_TO_LOVERS,1.29,6.07,109,13826,9.8198,7.6034
TIME_TRAVEL + WITCHES_MAGIC,2.29,6.04,13,930,1.1712,0.5114
ACADEMIA_SCHOOL + SLOW_BURN,3.37,6.04,5,243,0.4505,0.1336
FOUND_FAMILY + SPORTS_GENERAL,1.92,6.03,22,1875,1.982,1.0311
HOLIDAY + SMALL_TOWN,2.51,6.02,10,653,0.9009,0.3591
CONTEMPORARY_ROMANCE + SPORTS_BASEBALL,2.73,6.0,8,480,0.7207,0.264
FOUND_FAMILY + WORKPLACE,2.71,5.95,8,484,0.7207,0.2662
FAE_ELVES + REVERSE_HAREM_POLY,3.64,5.86,4,180,0.3604,0.099
ENEMIES_TO_LOVERS + FOUND_FAMILY,1.87,5.85,22,1932,1.982,1.0625
HOLIDAY + ROM_COM,2.21,5.83,13,964,1.1712,0.5301
CONTEMPORARY_ROMANCE + REP_FF,3.25,5.82,5,252,0.4505,0.1386
DARK_ROMANCE + MONSTER_ALIEN,3.54,5.7,4,185,0.3604,0.1017
FANTASY_ROMANCE + HORROR,1.8,5.66,22,1998,1.982,1.0988
ACADEMIA_SCHOOL + REVERSE_HAREM_POLY,3.5,5.64,4,187,0.3604,0.1028
ENEMIES_TO_LOVERS + MAFIA_CARTEL_CRIME,2.87,5.58,6,343,0.5405,0.1886
FAIRY_TALE_RETELLING + YOUNG_ADULT,2.5,5.48,8,525,0.7207,0.2887
MARRIAGE_OF_CONVENIENCE + PARANORMAL_ROMANCE,3.93,5.45,3,125,0.2703,0.0687
DRAGONS + YOUNG_ADULT,3.34,5.38,4,196,0.3604,0.1078
CLEAN_SWEET + MYSTERY_THRILLER_SUSPENSE,2.99,5.36,5,274,0.4505,0.1507
MUSICIANS + REP_QUEER_GENERAL,2.43,5.34,8,539,0.7207,0.2964
CONTEMPORARY_ROMANCE + ROM_COM,1.16,5.31,98,13885,8.8288,7.6359
MYSTERY_THRILLER_SUSPENSE + SLOW_BURN,2.54,5.29,7,451,0.6306,0.248
MONSTER_ALIEN + WITCHES_MAGIC,2.72,5.28,6,362,0.5405,0.1991
FRIENDS_TO_LOVERS + SECOND_CHANCE,1.55,5.26,29,3073,2.6126,1.69
ROM_COM + SLOW_BURN,2.51,5.23,7,456,0.6306,0.2508
ACADEMIA_SCHOOL + VAMPIRES,3.24,5.22,4,202,0.3604,0.1111
FANTASY_ROMANCE + REP_CULTURAL_IDENTITY,3.75,5.2,3,131,0.2703,0.072
ENEMIES_TO_LOVERS + REP_FF,3.72,5.16,3,132,0.2703,0.0726
BILLIONAIRE + SMALL_TOWN,3.7,5.12,3,133,0.2703,0.0731
BROTHERS_BEST_FRIEND + CONTEMPORARY_ROMANCE,2.63,5.11,6,374,0.5405,0.2057
NEURODIVERGENT_DISABILITY + SPORTS_GENERAL,3.11,5.0,4,211,0.3604,0.116
FRIENDS_TO_LOVERS + MARRIAGE_OF_CONVENIENCE,2.39,4.98,7,479,0.6306,0.2634
ENEMIES_TO_LOVERS + VAMPIRES,2.37,4.94,7,483,0.6306,0.2656
ROM_COM + SECOND_CHANCE,1.81,4.91,14,1264,1.2613,0.6951
CONTEMPORARY_ROMANCE + NEURODIVERGENT_DISABILITY,1.6,4.88,20,2044,1.8018,1.1241
HISTORICAL_ROMANCE + PARANORMAL_ROMANCE,1.35,4.82,34,4111,3.0631,2.2608
FANTASY_ROMANCE + MONSTER_ALIEN,1.61,4.81,19,1939,1.7117,1.0663
CONTEMPORARY_ROMANCE + SECOND_CHANCE,1.12,4.68,64,9351,5.7658,5.1425
HISTORICAL_ROMANCE + WITCHES_MAGIC,1.48,4.51,20,2212,1.8018,1.2165
HORROR + PARANORMAL_ROMANCE,1.47,4.49,20,2222,1.8018,1.222
ACADEMIA_SCHOOL + DARK_ROMANCE,1.68,4.44,13,1267,1.1712,0.6968
FANTASY_ROMANCE + REVERSE_HAREM_POLY,1.47,4.41,19,2116,1.7117,1.1637
MONSTER_ALIEN + PARANORMAL_ROMANCE,1.49,4.4,18,1974,1.6216,1.0856
CONTEMPORARY_ROMANCE + HOLIDAY,1.21,4.36,36,4887,3.2432,2.6875
REP_QUEER_GENERAL + SCI_FI_ROMANCE,1.64,4.32,13,1300,1.1712,0.7149
SCI_FI_ROMANCE + YOUNG_ADULT,1.52,4.3,16,1728,1.4414,0.9503
FORBIDDEN_TABOO + SPORTS_GENERAL,3.02,4.18,3,163,0.2703,0.0896
DEMONS_ANGELS + REP_QUEER_GENERAL,2.12,4.13,6,463,0.5405,0.2546
HISTORICAL_ROMANCE + YOUNG_ADULT,1.5,4.06,14,1528,1.2613,0.8403
BROTHERS_BEST_FRIEND + FOUND_FAMILY,2.91,4.03,3,169,0.2703,0.0929
FANTASY_ROMANCE + SCI_FI_ROMANCE,1.03,4.03,50,7987,4.5045,4.3923
DARK_ROMANCE + HORROR,1.74,4.02,9,845,0.8108,0.4647
CONTEMPORARY_ROMANCE + FAIRY_TALE_RETELLING,2.06,4.01,6,477,0.5405,0.2623
FANTASY_ROMANCE + TIME_TRAVEL,1.41,3.99,16,1859,1.4414,1.0223
FOUND_FAMILY + SPORTS_FOOTBALL,2.2,3.93,5,373,0.4505,0.2051
HORROR + YOUNG_ADULT,1.89,3.92,7,608,0.6306,0.3344
ENEMIES_TO_LOVERS + SHIFTER_WEREWOLF,1.78,3.91,8,736,0.7207,0.4048
DARK_ROMANCE + VAMPIRES,1.56,3.87,11,1158,0.991,0.6368
COWBOY_WESTERN + MYSTERY_THRILLER_SUSPENSE,2.13,3.81,5,385,0.4505,0.2117
CONTEMPORARY_ROMANCE + TIME_TRAVEL,1.72,3.77,8,764,0.7207,0.4202
FRIENDS_TO_LOVERS + SPORTS_FOOTBALL,2.11,3.77,5,389,0.4505,0.2139
DEMONS_ANGELS + FANTASY_ROMANCE,0.99,3.74,43,7121,3.8739,3.9161
FANTASY_ROMANCE + SECOND_CHANCE,1.78,3.7,7,645,0.6306,0.3547
ENEMIES_TO_LOVERS + MYSTERY_THRILLER_SUSPENSE,1.27,3.68,17,2187,1.5315,1.2027
REVERSE_HAREM_POLY + WITCHES_MAGIC,1.75,3.64,7,655,0.6306,0.3602
BILLIONAIRE + ENEMIES_TO_LOVERS,1.75,3.64,7,655,0.6306,0.3602
HOLIDAY + YOUNG_ADULT,1.86,3.62,6,529,0.5405,0.2909
HOLIDAY + REP_QUEER_GENERAL,1.74,3.62,7,659,0.6306,0.3624
SMALL_TOWN + WITCHES_MAGIC,2.6,3.6,3,189,0.2703,0.1039
PARANORMAL_ROMANCE + REVERSE_HAREM_POLY,1.21,3.57,18,2434,1.6216,1.3385
FAE_ELVES + YOUNG_ADULT,1.98,3.54,5,414,0.4505,0.2277
HISTORICAL_ROMANCE + HORROR,2.18,3.5,4,301,0.3604,0.1655
ENEMIES_TO_LOVERS + REP_QUEER_GENERAL,1.34,3.43,12,1468,1.0811,0.8073
CONTEMPORARY_ROMANCE + MARRIAGE_OF_CONVENIENCE,1.27,3.43,14,1813,1.2613,0.997
FIREFIGHTER_FIRST_RESPONDER + FOUND_FAMILY,2.45,3.39,3,201,0.2703,0.1105
FRIENDS_TO_LOVERS + ROM_COM,1.07,3.32,21,3206,1.8919,1.7631
FOUND_FAMILY + FRIENDS_TO_LOVERS,0.95,3.27,30,5167,2.7027,2.8415
HIGH_STEAM + SLOW_BURN,1.47,3.24,8,889,0.7207,0.4889
CONTEMPORARY_ROMANCE + SPORTS_FOOTBALL,1.4,3.22,9,1053,0.8108,0.5791
MYSTERY_THRILLER_SUSPENSE + SMALL_TOWN,1.16,3.22,15,2118,1.3514,1.1648
FRIENDS_TO_LOVERS + WITCHES_MAGIC,1.8,3.22,5,456,0.4505,0.2508
FANTASY_ROMANCE + FRIENDS_TO_LOVERS,1.3,3.13,10,1256,0.9009,0.6907
FANTASY_ROMANCE + VAMPIRES,0.82,3.13,45,9010,4.0541,4.9549
ENEMIES_TO_LOVERS + FRIENDS_TO_LOVERS,1.25,3.1,11,1445,0.991,0.7947
DEMONS_ANGELS + YOUNG_ADULT,1.23,3.05,11,1468,0.991,0.8073
SPORTS_FOOTBALL + SPORTS_GENERAL,1.32,3.03,9,1120,0.8108,0.6159
ACADEMIA_SCHOOL + SHIFTER_WEREWOLF,2.18,3.03,3,225,0.2703,0.1237
SCI_FI_ROMANCE + WITCHES_MAGIC,1.09,3.02,15,2253,1.3514,1.239
REP_CULTURAL_IDENTITY + YOUNG_ADULT,2.17,3.01,3,226,0.2703,0.1243
ROM_COM + WORKPLACE,1.44,3.0,7,794,0.6306,0.4367
DEMONS_ANGELS + PARANORMAL_ROMANCE,0.82,2.99,38,7621,3.4234,4.1911
FRIENDS_TO_LOVERS + PARANORMAL_ROMANCE,1.24,2.98,10,1317,0.9009,0.7243
ACADEMIA_SCHOOL + SPORTS_GENERAL,1.15,2.96,12,1706,1.0811,0.9382
SECOND_CHANCE + WITCHES_MAGIC,2.12,2.94,3,232,0.2703,0.1276
HISTORICAL_ROMANCE + INSPIRATIONAL_CHRISTIAN,1.14,2.83,11,1582,0.991,0.87
FANTASY_ROMANCE + MARRIAGE_OF_CONVENIENCE,2.04,2.83,3,241,0.2703,0.1325
FORBIDDEN_TABOO + FOUND_FAMILY,1.73,2.79,4,378,0.3604,0.2079
FANTASY_ROMANCE + NEURODIVERGENT_DISABILITY,1.73,2.79,4,378,0.3604,0.2079
NEURODIVERGENT_DISABILITY + REP_QUEER_GENERAL,1.16,2.78,10,1411,0.9009,0.776
FAE_ELVES + HIGH_STEAM,1.15,2.75,10,1430,0.9009,0.7864
REP_QUEER_GENERAL + SPORTS_GENERAL,1.29,2.69,7,887,0.6306,0.4878
DARK_ROMANCE + DEMONS_ANGELS,1.37,2.67,6,717,0.5405,0.3943
PARANORMAL_ROMANCE + VAMPIRES,0.7,2.67,44,10284,3.964,5.6556
PARANORMAL_ROMANCE + SCI_FI_ROMANCE,0.76,2.66,33,7159,2.973,3.937
SECOND_CHANCE + WORKPLACE,1.9,2.63,3,259,0.2703,0.1424
ENEMIES_TO_LOVERS + MARRIAGE_OF_CONVENIENCE,1.47,2.63,5,559,0.4505,0.3074
DARK_ROMANCE + MAFIA_CARTEL_CRIME,1.01,2.5,11,1789,0.991,0.9838
FANTASY_ROMANCE + INSPIRATIONAL_CHRISTIAN,1.79,2.49,3,274,0.2703,0.1507
ENEMIES_TO_LOVERS + HIGH_STEAM,0.79,2.47,22,4575,1.982,2.516
DEMONS_ANGELS + HISTORICAL_ROMANCE,1.25,2.42,6,789,0.5405,0.4339
MILITARY_WAR + SECOND_CHANCE,1.72,2.38,3,286,0.2703,0.1573
FRIENDS_TO_LOVERS + NEURODIVERGENT_DISABILITY,1.14,2.37,7,1007,0.6306,0.5538
FANTASY_ROMANCE + REP_MM,0.78,2.36,20,4225,1.8018,2.3235
DARK_ROMANCE + MYSTERY_THRILLER_SUSPENSE,0.68,2.34,31,7522,2.7928,4.1366
ENEMIES_TO_LOVERS + NEURODIVERGENT_DISABILITY,1.68,2.33,3,293,0.2703,0.1611
MYSTERY_THRILLER_SUSPENSE + YOUNG_ADULT,0.74,2.32,22,4864,1.982,2.6749
FORBIDDEN_TABOO + SECOND_CHANCE,1.66,2.3,3,296,0.2703,0.1628
FOUND_FAMILY + REVERSE_HAREM_POLY,1.42,2.28,4,462,0.3604,0.2541
DRAGONS + SHIFTER_WEREWOLF,0.97,2.24,9,1515,0.8108,0.8332
DRAGONS + HIGH_STEAM,1.03,2.14,7,1113,0.6306,0.6121
HORROR + MYSTERY_THRILLER_SUSPENSE,0.89,2.14,10,1832,0.9009,1.0075
CONTEMPORARY_ROMANCE + FOUND_FAMILY,0.51,2.12,63,20277,5.6757,11.1511
ACADEMIA_SCHOOL + MYSTERY_THRILLER_SUSPENSE,0.95,2.09,8,1380,0.7207,0.7589
REVERSE_HAREM_POLY + SHIFTER_WEREWOLF,0.95,2.09,8,1376,0.7207,0.7567
HIGH_STEAM + SMALL_TOWN,0.87,2.09,10,1879,0.9009,1.0333
CONTEMPORARY_ROMANCE + FIREFIGHTER_FIRST_RESPONDER,1.15,2.07,5,710,0.4505,0.3905
CONTEMPORARY_ROMANCE + INTERRACIAL_MULTICULTURAL,1.15,2.06,5,714,0.4505,0.3927
BILLIONAIRE + FRIENDS_TO_LOVERS,1.06,2.06,6,929,0.5405,0.5109
FOUND_FAMILY + MAFIA_CARTEL_CRIME,1.47,2.03,3,335,0.2703,0.1842
DARK_ROMANCE + FOUND_FAMILY,0.97,2.01,7,1184,0.6306,0.6511
ROAD_TRIP + YOUNG_ADULT,1.12,2.0,5,732,0.4505,0.4026
CONTEMPORARY_ROMANCE + ROYALTY,0.96,1.99,7,1199,0.6306,0.6594
CONTEMPORARY_ROMANCE + WITCHES_MAGIC,0.72,1.99,15,3427,1.3514,1.8846
SEASONAL_SUMMER_BEACH + YOUNG_ADULT,0.95,1.97,7,1209,0.6306,0.6649
HORROR + VAMPIRES,1.01,1.96,6,976,0.5405,0.5367
CONTEMPORARY_ROMANCE + REP_QUEER_GENERAL,0.6,1.94,24,6517,2.1622,3.5839
REP_QUEER_GENERAL + VAMPIRES,1.07,1.92,5,764,0.4505,0.4202
MYSTERY_THRILLER_SUSPENSE + REP_FF,1.37,1.9,3,358,0.2703,0.1969
DARK_ROMANCE + SECOND_CHANCE,0.97,1.9,6,1009,0.5405,0.5549
FORBIDDEN_TABOO + FRIENDS_TO_LOVERS,1.18,1.9,4,556,0.3604,0.3058
INSPIRATIONAL_CHRISTIAN + ROM_COM,1.35,1.88,3,363,0.2703,0.1996
PARANORMAL_ROMANCE + REP_MM,0.64,1.84,17,4365,1.5315,2.4005
ROM_COM + ROYALTY,1.31,1.82,3,374,0.2703,0.2057
FANTASY_ROMANCE + MYSTERY_THRILLER_SUSPENSE,0.5,1.78,35,11554,3.1532,6.354
FANTASY_ROMANCE + ROM_COM,0.63,1.76,15,3871,1.3514,2.1288
FRIENDS_TO_LOVERS + MYSTERY_THRILLER_SUSPENSE,0.66,1.75,13,3219,1.1712,1.7702
FOUND_FAMILY + SECOND_CHANCE,0.68,1.75,12,2886,1.0811,1.5871
ENEMIES_TO_LOVERS + HISTORICAL_ROMANCE,0.76,1.68,8,1719,0.7207,0.9453
CONTEMPORARY_ROMANCE + FANTASY_ROMANCE,0.5,1.66,26,8466,2.3423,4.6558
REP_MM + REP_QUEER_GENERAL,0.5,1.65,27,8920,2.4324,4.9054
GHOSTS + YOUNG_ADULT,1.18,1.64,3,415,0.2703,0.2282
CONTEMPORARY_ROMANCE + NERD_GEEK,1.16,1.61,3,423,0.2703,0.2326
ACADEMIA_SCHOOL + YOUNG_ADULT,0.54,1.6,18,5430,1.6216,2.9862
HISTORICAL_ROMANCE + MYSTERY_THRILLER_SUSPENSE,0.53,1.57,18,5540,1.6216,3.0467
ACADEMIA_SCHOOL + REP_QUEER_GENERAL,0.81,1.57,6,1217,0.5405,0.6693
DARK_ROMANCE + FRIENDS_TO_LOVERS,0.75,1.56,7,1529,0.6306,0.8409
CONTEMPORARY_ROMANCE + FORBIDDEN_TABOO,0.64,1.54,10,2546,0.9009,1.4001
BILLIONAIRE + MARRIAGE_OF_CONVENIENCE,1.11,1.54,3,443,0.2703,0.2436
ACADEMIA_SCHOOL + FRIENDS_TO_LOVERS,0.61,1.52,11,2940,0.991,1.6168
PARANORMAL_ROMANCE + SECOND_CHANCE,0.94,1.52,4,696,0.3604,0.3828
PARANORMAL_ROMANCE + ROM_COM,0.57,1.51,13,3721,1.1712,2.0463
CONTEMPORARY_ROMANCE + ROAD_TRIP,0.77,1.5,6,1276,0.5405,0.7017
SPORTS_GENERAL + YOUNG_ADULT,0.64,1.48,9,2297,0.8108,1.2632
FANTASY_ROMANCE + SHIFTER_WEREWOLF,0.43,1.47,29,10983,2.6126,6.04
HIGH_STEAM + MONSTER_ALIEN,0.71,1.47,7,1623,0.6306,0.8925
REP_MM + YOUNG_ADULT,0.75,1.46,6,1308,0.5405,0.7193
DRAGONS + VAMPIRES,0.91,1.46,4,724,0.3604,0.3982
ROM_COM + WITCHES_MAGIC,0.66,1.45,8,1981,0.7207,1.0894
DARK_ROMANCE + HIGH_STEAM,0.43,1.41,25,9493,2.2523,5.2206
FOUND_FAMILY + MARRIAGE_OF_CONVENIENCE,0.79,1.41,5,1043,0.4505,0.5736
VAMPIRES + WITCHES_MAGIC,0.49,1.38,16,5381,1.4414,2.9592
SHIFTER_WEREWOLF + WITCHES_MAGIC,0.48,1.37,17,5860,1.5315,3.2226
DARK_ROMANCE + SHIFTER_WEREWOLF,0.85,1.37,4,772,0.3604,0.4246
FANTASY_ROMANCE + FOUND_FAMILY,0.59,1.36,9,2490,0.8108,1.3693
FRIENDS_TO_LOVERS + REVERSE_HAREM_POLY,0.84,1.35,4,780,0.3604,0.429
FOUND_FAMILY + WITCHES_MAGIC,0.75,1.35,5,1085,0.4505,0.5967
FAE_ELVES + VAMPIRES,0.68,1.32,6,1447,0.5405,0.7958
BILLIONAIRE + FORBIDDEN_TABOO,0.95,1.31,3,519,0.2703,0.2854
FRIENDS_TO_LOVERS + YOUNG_ADULT,0.49,1.29,13,4355,1.1712,2.395
CONTEMPORARY_ROMANCE + YOUNG_ADULT,0.36,1.29,35,15955,3.1532,8.7742
MYSTERY_THRILLER_SUSPENSE + WITCHES_MAGIC,0.46,1.28,15,5327,1.3514,2.9295
PARANORMAL_ROMANCE + SHIFTER_WEREWOLF,0.37,1.25,29,12961,2.6126,7.1277
INSPIRATIONAL_CHRISTIAN + MYSTERY_THRILLER_SUSPENSE,0.6,1.25,7,1908,0.6306,1.0493
FANTASY_ROMANCE + HIGH_STEAM,0.35,1.23,32,14881,2.8829,8.1836
ROM_COM + SPORTS_GENERAL,0.67,1.21,5,1217,0.4505,0.6693
HIGH_STEAM + HOLIDAY,0.62,1.2,6,1593,0.5405,0.876
SCI_FI_ROMANCE + TIME_TRAVEL,0.75,1.2,4,876,0.3604,0.4817
MYSTERY_THRILLER_SUSPENSE + PARANORMAL_ROMANCE,0.36,1.2,27,12332,2.4324,6.7818
DEMONS_ANGELS + REP_MM,0.86,1.19,3,574,0.2703,0.3157
DARK_ROMANCE + HISTORICAL_ROMANCE,0.64,1.15,5,1279,0.4505,0.7034
FOUND_FAMILY + PARANORMAL_ROMANCE,0.51,1.13,8,2557,0.7207,1.4062
REVERSE_HAREM_POLY + VAMPIRES,0.81,1.12,3,607,0.2703,0.3338
BILLIONAIRE + CONTEMPORARY_ROMANCE,0.37,1.12,19,8329,1.7117,4.5804
FOUND_FAMILY + MYSTERY_THRILLER_SUSPENSE,0.39,1.11,16,6668,1.4414,3.667
REP_MM + WITCHES_MAGIC,0.61,1.1,5,1340,0.4505,0.7369
ANGSTY_GRIEF + SMALL_TOWN,0.79,1.1,3,621,0.2703,0.3415
FRIENDS_TO_LOVERS + HOLIDAY,0.78,1.09,3,627,0.2703,0.3448
ROM_COM + YOUNG_ADULT,0.42,1.08,12,4674,1.0811,2.5704
HORROR + SCI_FI_ROMANCE,0.78,1.08,3,633,0.2703,0.3481
HIGH_STEAM + PARANORMAL_ROMANCE,0.31,1.05,30,15997,2.7027,8.7973
DARK_TRAUMA + REVERSE_HAREM_POLY,0.63,1.02,4,1038,0.3604,0.5708
HISTORICAL_ROMANCE + ROM_COM,0.48,1.0,7,2375,0.6306,1.3061
MILITARY_WAR + MYSTERY_THRILLER_SUSPENSE,0.62,1.0,4,1051,0.3604,0.578
DEMONS_ANGELS + WITCHES_MAGIC,0.39,0.99,12,5085,1.0811,2.7964
NEW_ADULT + SEASONAL_SUMMER_BEACH,0.71,0.98,3,697,0.2703,0.3833
MYSTERY_THRILLER_SUSPENSE + TIME_TRAVEL,0.7,0.97,3,706,0.2703,0.3883
REP_MM + VAMPIRES,0.6,0.96,4,1096,0.3604,0.6027
CONTEMPORARY_ROMANCE + INSPIRATIONAL_CHRISTIAN,0.41,0.95,9,3574,0.8108,1.9655
BILLIONAIRE + WORKPLACE,0.59,0.95,4,1114,0.3604,0.6126
BILLIONAIRE + ROM_COM,0.58,0.94,4,1122,0.3604,0.617
ACTION_ADVENTURE + DRAGONS,0.68,0.94,3,725,0.2703,0.3987
MYSTERY_THRILLER_SUSPENSE + SCI_FI_ROMANCE,0.4,0.93,9,3649,0.8108,2.0067
CONTEMPORARY_ROMANCE + DARK_ROMANCE,0.32,0.91,17,8808,1.5315,4.8438
ACADEMIA_SCHOOL + CONTEMPORARY_ROMANCE,0.32,0.89,15,7647,1.3514,4.2054
HIGH_STEAM + SPORTS_GENERAL,0.39,0.85,8,3380,0.7207,1.8588
ANGSTY_GRIEF + ENEMIES_TO_LOVERS,0.61,0.85,3,802,0.2703,0.441
HISTORICAL_ROMANCE + TIME_TRAVEL,0.51,0.82,4,1282,0.3604,0.705
HIGH_STEAM + WITCHES_MAGIC,0.31,0.81,12,6257,1.0811,3.441
BILLIONAIRE + FOUND_FAMILY,0.5,0.8,4,1311,0.3604,0.721
HIGH_STEAM + MARRIAGE_OF_CONVENIENCE,0.5,0.8,4,1315,0.3604,0.7232
FRIENDS_TO_LOVERS + REP_QUEER_GENERAL,0.36,0.79,8,3656,0.7207,2.0106
ACADEMIA_SCHOOL + FOUND_FAMILY,0.44,0.78,5,1881,0.4505,1.0344
NEW_ADULT + SLOW_BURN,0.55,0.77,3,886,0.2703,0.4872
HISTORICAL_ROMANCE + SCI_FI_ROMANCE,0.48,0.77,4,1377,0.3604,0.7573
GHOSTS + PARANORMAL_ROMANCE,0.39,0.77,6,2496,0.5405,1.3726
CONTEMPORARY_ROMANCE + PARANORMAL_ROMANCE,0.27,0.75,15,9057,1.3514,4.9808
DARK_ROMANCE + REP_QUEER_GENERAL,0.46,0.74,4,1425,0.3604,0.7837
HISTORICAL_ROMANCE + SECOND_CHANCE,0.53,0.74,3,924,0.2703,0.5081
ENEMIES_TO_LOVERS + REP_MM,0.45,0.72,4,1460,0.3604,0.8029
FRIENDS_TO_LOVERS + HIGH_STEAM,0.26,0.71,15,9607,1.3514,5.2832
FANTASY_ROMANCE + GHOSTS,0.4,0.71,5,2068,0.4505,1.1373
HOLIDAY + MYSTERY_THRILLER_SUSPENSE,0.51,0.71,3,956,0.2703,0.5257
CONTEMPORARY_ROMANCE + MILITARY_WAR,0.43,0.69,4,1521,0.3604,0.8365
CONTEMPORARY_ROMANCE + MYSTERY_THRILLER_SUSPENSE,0.2,0.69,32,26480,2.8829,14.5623
FOUND_FAMILY + NEURODIVERGENT_DISABILITY,0.49,0.69,3,994,0.2703,0.5466
FOUND_FAMILY + REP_QUEER_GENERAL,0.33,0.69,7,3457,0.6306,1.9011
MYSTERY_THRILLER_SUSPENSE + REP_QUEER_GENERAL,0.33,0.68,7,3509,0.6306,1.9297
FOUND_FAMILY + ROM_COM,0.28,0.68,11,6541,0.991,3.5971
HIGH_STEAM + REVERSE_HAREM_POLY,0.27,0.68,11,6594,0.991,3.6263
SECOND_CHANCE + YOUNG_ADULT,0.42,0.67,4,1569,0.3604,0.8629
FAE_ELVES + SHIFTER_WEREWOLF,0.41,0.66,4,1594,0.3604,0.8766
DEMONS_ANGELS + VAMPIRES,0.31,0.64,7,3754,0.6306,2.0645
HIGH_STEAM + ROM_COM,0.25,0.64,12,7838,1.0811,4.3104
MAFIA_CARTEL_CRIME + MYSTERY_THRILLER_SUSPENSE,0.35,0.63,5,2333,0.4505,1.283
ACTION_ADVENTURE + FANTASY_ROMANCE,0.24,0.63,13,8970,1.1712,4.9329
FOUND_FAMILY + YOUNG_ADULT,0.25,0.63,11,7091,0.991,3.8996
CONTEMPORARY_ROMANCE + MUSICIANS,0.28,0.62,8,4611,0.7207,2.5358
CONTEMPORARY_ROMANCE + MAFIA_CARTEL_CRIME,0.35,0.62,5,2350,0.4505,1.2924
CONTEMPORARY_ROMANCE + HIGH_STEAM,0.16,0.6,40,40223,3.6036,22.1201
ACADEMIA_SCHOOL + SECOND_CHANCE,0.42,0.58,3,1166,0.2703,0.6412
DARK_TRAUMA + MAFIA_CARTEL_CRIME,0.41,0.57,3,1189,0.2703,0.6539
HIGH_STEAM + WORKPLACE,0.35,0.56,4,1870,0.3604,1.0284
REP_MM + REVERSE_HAREM_POLY,0.4,0.56,3,1221,0.2703,0.6715
HISTORICAL_ROMANCE + REP_MM,0.41,0.56,3,1206,0.2703,0.6632
MYSTERY_THRILLER_SUSPENSE + SECOND_CHANCE,0.31,0.55,5,2656,0.4505,1.4606
ANGSTY_GRIEF + FRIENDS_TO_LOVERS,0.28,0.55,6,3484,0.5405,1.916
REP_QUEER_GENERAL + REVERSE_HAREM_POLY,0.39,0.55,3,1245,0.2703,0.6847
DARK_TRAUMA + FANTASY_ROMANCE,0.31,0.55,5,2678,0.4505,1.4727
MUSICIANS + YOUNG_ADULT,0.33,0.54,4,1971,0.3604,1.0839
REP_QUEER_GENERAL + ROM_COM,0.34,0.54,4,1956,0.3604,1.0757
ENEMIES_TO_LOVERS + NEW_ADULT,0.29,0.52,5,2800,0.4505,1.5398
DARK_TRAUMA + SHIFTER_WEREWOLF,0.37,0.51,3,1337,0.2703,0.7353
DARK_ROMANCE + REP_MM,0.37,0.51,3,1329,0.2703,0.7309
HIGH_STEAM + MAFIA_CARTEL_CRIME,0.32,0.51,4,2072,0.3604,1.1395
MYSTERY_THRILLER_SUSPENSE + ROM_COM,0.24,0.51,7,4715,0.6306,2.593
VAMPIRES + YOUNG_ADULT,0.35,0.49,3,1398,0.2703,0.7688
NEW_ADULT + SPORTS_GENERAL,0.25,0.48,6,3950,0.5405,2.1723
SHIFTER_WEREWOLF + VAMPIRES,0.23,0.48,7,5011,0.6306,2.7557
DARK_ROMANCE + YOUNG_ADULT,0.29,0.47,4,2245,0.3604,1.2346
DARK_TRAUMA + ENEMIES_TO_LOVERS,0.32,0.44,3,1557,0.2703,0.8563
FOUND_FAMILY + REP_MM,0.25,0.44,5,3327,0.4505,1.8296
ANGSTY_GRIEF + SECOND_CHANCE,0.26,0.42,4,2522,0.3604,1.3869
GHOSTS + MYSTERY_THRILLER_SUSPENSE,0.29,0.4,3,1719,0.2703,0.9453
ACTION_ADVENTURE + PARANORMAL_ROMANCE,0.17,0.4,9,8581,0.8108,4.719
FANTASY_ROMANCE + ROYALTY,0.29,0.4,3,1691,0.2703,0.9299
HIGH_STEAM + SECOND_CHANCE,0.2,0.39,6,4888,0.5405,2.6881
DARK_TRAUMA + PARANORMAL_ROMANCE,0.24,0.39,4,2712,0.3604,1.4914
DARK_ROMANCE + DARK_TRAUMA,0.19,0.39,7,6170,0.6306,3.3931
PARANORMAL_ROMANCE + TIME_TRAVEL,0.28,0.38,3,1775,0.2703,0.9761
ACTION_ADVENTURE + YOUNG_ADULT,0.22,0.36,4,2934,0.3604,1.6135
FANTASY_ROMANCE + NEW_ADULT,0.2,0.36,5,4029,0.4505,2.2157
BILLIONAIRE + HIGH_STEAM,0.17,0.35,7,6733,0.6306,3.7027
BILLIONAIRE + DARK_ROMANCE,0.25,0.35,3,1969,0.2703,1.0828
DEMONS_ANGELS + SHIFTER_WEREWOLF,0.21,0.34,4,3064,0.3604,1.685
FOUND_FAMILY + HIGH_STEAM,0.15,0.34,8,8554,0.7207,4.7042
ACADEMIA_SCHOOL + NEW_ADULT,0.15,0.32,7,7534,0.6306,4.1432
CELEBRITY + CONTEMPORARY_ROMANCE,0.17,0.3,5,4869,0.4505,2.6776
ANGSTY_GRIEF + CONTEMPORARY_ROMANCE,0.13,0.3,9,11240,0.8108,6.1813
FRIENDS_TO_LOVERS + REP_MM,0.17,0.28,4,3763,0.3604,2.0694
ACTION_ADVENTURE + HISTORICAL_ROMANCE,0.17,0.28,4,3754,0.3604,2.0645
HISTORICAL_ROMANCE + MARRIAGE_OF_CONVENIENCE,0.2,0.27,3,2480,0.2703,1.3638
CONTEMPORARY_ROMANCE + MARRIAGE_IN_TROUBLE,0.19,0.27,3,2566,0.2703,1.4111
MYSTERY_THRILLER_SUSPENSE + VAMPIRES,0.16,0.26,4,4095,0.3604,2.252
CONTEMPORARY_ROMANCE + REP_MM,0.13,0.24,5,6217,0.4505,3.419
HIGH_STEAM + REP_QUEER_GENERAL,0.12,0.23,6,8143,0.5405,4.4781
FORBIDDEN_TABOO + HIGH_STEAM,0.17,0.23,3,2970,0.2703,1.6333
HIGH_STEAM + MYSTERY_THRILLER_SUSPENSE,0.09,0.22,10,17854,0.9009,9.8186
FOUND_FAMILY + HISTORICAL_ROMANCE,0.15,0.21,3,3293,0.2703,1.8109
CONTEMPORARY_ROMANCE + NEW_ADULT,0.07,0.2,14,30988,1.2613,17.0414
MYSTERY_THRILLER_SUSPENSE + REP_MM,0.14,0.19,3,3605,0.2703,1.9825
ACTION_ADVENTURE + MYSTERY_THRILLER_SUSPENSE,0.09,0.19,7,12363,0.6306,6.7989
ACTION_ADVENTURE + SCI_FI_ROMANCE,0.13,0.18,3,3690,0.2703,2.0293
DEMONS_ANGELS + HIGH_STEAM,0.13,0.17,3,3916,0.2703,2.1536
NEW_ADULT + PARANORMAL_ROMANCE,0.12,0.17,3,4026,0.2703,2.214
HIGH_STEAM + REP_MM,0.09,0.16,5,9456,0.4505,5.2002
ACADEMIA_SCHOOL + HIGH_STEAM,0.1,0.15,3,4694,0.2703,2.5814
ACTION_ADVENTURE + WITCHES_MAGIC,0.11,0.15,3,4548,0.2703,2.5011
HIGH_STEAM + SCI_FI_ROMANCE,0.1,0.14,3,4916,0.2703,2.7035
FRIENDS_TO_LOVERS + NEW_ADULT,0.08,0.13,4,8217,0.3604,4.5188
CONTEMPORARY_ROMANCE + DARK_TRAUMA,0.07,0.13,5,11499,0.4505,6.3237
HIGH_STEAM + VAMPIRES,0.08,0.12,3,5866,0.2703,3.2259
NEW_ADULT + YOUNG_ADULT,0.06,0.11,5,13341,0.4505,7.3367
DARK_TRAUMA + HIGH_STEAM,0.05,0.06,3,10515,0.2703,5.7826
HIGH_STEAM + NEW_ADULT,0.03,0.05,4,19403,0.3604,10.6704
