trope,trend_lift,weighted_score,epoch3_count,baseline_count,epoch3_share,baseline_share
HE_FALLS_FIRST,999.99,3332.17,27,2,2.71,0.0
GRUMPY_SUNSHINE,999.99,2772.56,15,0,1.51,0.0
ACCIDENTAL_PREGNANCY,999.99,2079.42,7,0,0.7,0.0
FORCED_PROXIMITY,127.07,656.28,174,250,17.47,0.14
FAKE_DATING,101.21,399.89,51,92,5.12,0.05
CLEAN_SWEET,29.06,124.3,71,446,7.13,0.25
REP_FF,7.33,31.36,71,1768,7.13,0.97
FAIRY_TALE_RETELLING,6.47,24.89,46,1299,4.62,0.71
SLOW_BURN,5.92,24.25,59,1819,5.92,1.0
ENEMIES_TO_LOVERS,4.53,23.86,192,7730,19.28,4.25
SPORTS_HOCKEY,6.54,23.61,36,1005,3.61,0.55
SEASONAL_SUMMER_BEACH,5.01,19.8,51,1858,5.12,1.02
FANTASY_ROMANCE,2.54,15.6,462,33193,46.39,18.25
DRAGONS,3.89,14.88,45,2114,4.52,1.16
WITCHES_MAGIC,2.59,13.66,194,13671,19.48,7.52
FAE_ELVES,3.33,13.22,52,2852,5.22,1.57
PARANORMAL_ROMANCE,2.09,12.53,405,35442,40.66,19.49
REP_QUEER_GENERAL,1.88,9.42,148,14346,14.86,7.89
WORKPLACE,2.46,9.13,40,2971,4.02,1.63
SMALL_TOWN,2.0,8.83,81,7381,8.13,4.06
SPORTS_GENERAL,2.0,8.81,81,7396,8.13,4.07
COWBOY_WESTERN,2.64,8.27,22,1523,2.21,0.84
SPORTS_BASEBALL,3.37,8.09,10,541,1.0,0.3
DARK_ROMANCE,1.64,7.87,122,13619,12.25,7.49
HORROR,2.05,7.1,31,2763,3.11,1.52
SECOND_CHANCE,1.36,6.04,85,11445,8.53,6.29
HOLIDAY,1.45,6.02,62,7796,6.22,4.29
FRIENDS_TO_LOVERS,1.15,5.42,112,17845,11.24,9.81
YOUNG_ADULT,1.03,5.18,152,26942,15.26,14.82
REP_CULTURAL_IDENTITY,2.08,4.99,10,878,1.0,0.48
BROTHERS_BEST_FRIEND,2.57,4.99,6,427,0.6,0.23
ACADEMIA_SCHOOL,1.19,4.91,60,9179,6.02,5.05
CONTEMPORARY_ROMANCE,0.73,4.37,397,99326,39.86,54.62
ROM_COM,0.92,4.31,108,21462,10.84,11.8
SPORTS_FOOTBALL,1.66,4.12,11,1211,1.1,0.67
NEURODIVERGENT_DISABILITY,1.25,3.92,22,3215,2.21,1.77
INTERRACIAL_MULTICULTURAL,1.52,3.65,10,1198,1.0,0.66
MONSTER_ALIEN,1.26,3.64,17,2467,1.71,1.36
SCI_FI_ROMANCE,0.86,3.36,49,10409,4.92,5.72
VAMPIRES,0.84,3.3,49,10617,4.92,5.84
HISTORICAL_ROMANCE,0.71,3.2,92,23782,9.24,13.08
MARRIAGE_OF_CONVENIENCE,0.95,2.95,21,4021,2.11,2.21
DEMONS_ANGELS,0.77,2.75,34,8012,3.41,4.41
REVERSE_HAREM_POLY,0.69,2.31,28,7452,2.81,4.1
FOUND_FAMILY,0.48,2.07,73,27729,7.33,15.25
FIREFIGHTER_FIRST_RESPONDER,1.06,1.9,5,862,0.5,0.47
MYSTERY_THRILLER_SUSPENSE,0.41,1.89,99,43929,9.94,24.16
FORBIDDEN_TABOO,0.64,1.7,13,3694,1.31,2.03
REP_MM,0.45,1.65,37,14873,3.71,8.18
TIME_TRAVEL,0.59,1.31,8,2457,0.8,1.35
MAFIA_CARTEL_CRIME,0.55,1.26,9,2995,0.9,1.65
ROAD_TRIP,0.63,1.22,6,1743,0.6,0.96
INSPIRATIONAL_CHRISTIAN,0.41,1.13,15,6713,1.51,3.69
ROYALTY,0.48,1.06,8,3037,0.8,1.67
HIGH_STEAM,0.24,1.06,85,65341,8.53,35.93
SHIFTER_WEREWOLF,0.3,0.94,22,13351,2.21,7.34
MILITARY_WAR,0.38,0.73,6,2902,0.6,1.6
BILLIONAIRE,0.26,0.67,13,9295,1.31,5.11
GHOSTS,0.34,0.62,5,2654,0.5,1.46
ACTION_ADVENTURE,0.17,0.49,18,19867,1.81,10.93
CELEBRITY,0.23,0.47,7,5607,0.7,3.08
ANGSTY_GRIEF,0.16,0.41,12,13768,1.2,7.57
MUSICIANS,0.16,0.29,5,5716,0.5,3.14
NEW_ADULT,0.08,0.24,17,37400,1.71,20.57
DARK_TRAUMA,0.09,0.19,8,16464,0.8,9.05
