rank,raw_shelf,book_count
1,adult romance,16
2,autumn,10
3,dark fantasy,8
4,academia,7
5,manga,4
6,graphic novels comics,4
7,stalker,3
8,italy,3
9,young adult science fiction,2
10,shojo,2
11,sisters,2
12,historical mystery,2
13,dual timeline,2
14,kidnapping,2
15,gothic horror,2
16,novel in verse,2
17,manhwa,2
18,21st century,1
19,booktok,1
20,love inspired,1
21,love story,1
22,technology,1
23,school,1
24,spanish literature,1
25,speculative fiction,1
26,dark romantasy,1
27,cinderella,1
28,indian literature,1
29,childhood friends to lovers,1
30,judaism,1
31,sexuality,1
32,bande dessinée,1
33,josei,1
34,apocalyptic,1
35,cozy romance,1
36,horror thriller,1
37,spain,1
38,morocco,1
39,horses,1
40,world war i,1
41,christian historical fiction,1
42,fairies,1
43,epic fantasy,1
44,yearning,1
